variable,pandas_dtype,unique_values,missing_n,missing_pct,example_values
encounter_id,int64,101766,0,0.0,"2278392, 149190, 64410, 500364, 16680"
patient_nbr,int64,71518,0,0.0,"8222157, 55629189, 86047875, 82442376, 42519267"
race,object,5,2273,2.23,"Caucasian, AfricanAmerican, Other, Asian, Hispanic"
gender,object,3,0,0.0,"Female, Male, Unknown/Invalid"
age,object,10,0,0.0,"[0-10), [10-20), [20-30), [30-40), [40-50)"
weight,object,9,98569,96.86,"[75-100), [50-75), [0-25), [100-125), [25-50)"
admission_type_id,int64,8,0,0.0,"6, 1, 2, 3, 4"
discharge_disposition_id,int64,26,0,0.0,"25, 1, 3, 6, 2"
admission_source_id,int64,17,0,0.0,"1, 7, 2, 4, 5"
time_in_hospital,int64,14,0,0.0,"1, 3, 2, 4, 5"
payer_code,object,17,40256,39.56,"MC, MD, HM, UN, BC"
medical_specialty,object,72,49949,49.08,"Pediatrics-Endocrinology, InternalMedicine, Family/GeneralPractice, Cardiology, Surgery-General"
num_lab_procedures,int64,118,0,0.0,"41, 59, 11, 44, 51"
num_procedures,int64,7,0,0.0,"0, 5, 1, 6, 2"
num_medications,int64,75,0,0.0,"1, 18, 13, 16, 8"
number_outpatient,int64,39,0,0.0,"0, 2, 1, 5, 7"
number_emergency,int64,33,0,0.0,"0, 1, 2, 4, 3"
number_inpatient,int64,21,0,0.0,"0, 1, 2, 3, 6"
diag_1,object,716,21,0.02,"250.83, 276, 648, 8, 197"
diag_2,object,748,358,0.35,"250.01, 250, 250.43, 157, 411"
diag_3,object,789,1423,1.4,"255, V27, 403, 250, V45"
number_diagnoses,int64,16,0,0.0,"1, 9, 6, 7, 5"
max_glu_serum,object,3,96420,94.75,">300, Norm, >200"
A1Cresult,object,3,84748,83.28,">7, >8, Norm"
metformin,object,4,0,0.0,"No, Steady, Up, Down"
repaglinide,object,4,0,0.0,"No, Up, Steady, Down"
nateglinide,object,4,0,0.0,"No, Steady, Down, Up"
chlorpropamide,object,4,0,0.0,"No, Steady, Down, Up"
glimepiride,object,4,0,0.0,"No, Steady, Down, Up"
acetohexamide,object,2,0,0.0,"No, Steady"
glipizide,object,4,0,0.0,"No, Steady, Up, Down"
glyburide,object,4,0,0.0,"No, Steady, Up, Down"
tolbutamide,object,2,0,0.0,"No, Steady"
pioglitazone,object,4,0,0.0,"No, Steady, Up, Down"
rosiglitazone,object,4,0,0.0,"No, Steady, Up, Down"
acarbose,object,4,0,0.0,"No, Steady, Up, Down"
miglitol,object,4,0,0.0,"No, Steady, Down, Up"
troglitazone,object,2,0,0.0,"No, Steady"
tolazamide,object,3,0,0.0,"No, Steady, Up"
examide,object,1,0,0.0,No
citoglipton,object,1,0,0.0,No
insulin,object,4,0,0.0,"No, Up, Steady, Down"
glyburide-metformin,object,4,0,0.0,"No, Steady, Down, Up"
glipizide-metformin,object,2,0,0.0,"No, Steady"
glimepiride-pioglitazone,object,2,0,0.0,"No, Steady"
metformin-rosiglitazone,object,2,0,0.0,"No, Steady"
metformin-pioglitazone,object,2,0,0.0,"No, Steady"
change,object,2,0,0.0,"No, Ch"
diabetesMed,object,2,0,0.0,"No, Yes"
readmitted,object,3,0,0.0,"NO, >30, <30"
